	Disulphid	Ensembl	FASTA	Main_AC	Max_Ft	Min_Ft	Min_Max_Of_the_Ft_chain	Protein_Description	Protein_Name	Uniprot_AC	Uniprot_Gene	Uniprot_ID	Uniprot_Type
0	97;189		MAWSNQSAVTEFILRGLSSSLELQIFYFLFFSIVYAATVLGNLLIVVTIASEPHLHSPMYFLLGNLSFIDMSLASFATPKMIADFLREHKAISFEGCMTQMFFLHLLGGAEIVLLISMSFDRYVAICKPLHYLTIMSRRMCVGLVILSWIVGIFHALSQLAFTVNLPFCGPNEVDSFFCDLPLVIKLACVDTYILGVFMISTSGMIALVCFILLVISYTIILVTVRQRSSGGSSKALSTCSAHFTVVTLFFGPCTFIYVWPFTNFPIDKVLSVFYTIYTPLLNPVIYTVRNKDVKYSMRKLSSHIFKSRKTDHTP	Q96R72	315	1	1 315		Olfactory receptor 4K3	"Q96R72;
Q6IFA4;
"	OR4K3	OR4K3_HUMAN	Uniprot
0	189;97		MAWSNQSAVTEFILRGLSSSLELQIFYFLFFSIVYAATVLGNLLIVVTIASEPHLHSPMYFLLGNLSFIDMSLASFATPKMIADFLREHKAISFEGCMTQMFFLHLLGGAEIVLLISMSFDRYVAICKPLHYLTIMSRRMCVGLVILSWIVGIFHALSQLAFTVNLPFCGPNEVDSFFCDLPLVIKLACVDTYILGVFMISTSGMIALVCFILLVISYTIILVTVRQRSSGGSSKALSTCSAHFTVVTLFFGPCTFIYVWPFTNFPIDKVLSVFYTIYTPLLNPVIYTVRNKDVKYSMRKLSSHIFKSRKTDHTP	Q96R72	315	1	1 315		Olfactory receptor 4K3	"Q96R72;
Q6IFA4;
"	OR4K3	OR4K3_HUMAN	Uniprot
0	182;99	"ENST00000328942;
ENSP00000333684;
ENSG00000182070.;
ENST00000380367;
ENSP00000369725;
ENSG00000182070.;
"	MSISNITVYMPSVLTLVGIPGLESVQCWIGIPFCAIYLIAMIGNSLLLSIIKSERSLHEPLYIFLGMLGATDIALASSIMPKMLGIFWFNVPEIYFDSCLLQMWFIHTLQGIESGILVAMALDRYVAICYPLRHANIFTHQLVIQIGTMVVLRAAILVAPCLVLIKCRFQFYHTTVISHSYCEHMAIVKLAAANVQVNKIYGLFVAFTVAGFDLTFITLSYIQIFITVFRLPQKEARFKAFNTCIAHICVFLQFYLLAFFSFFTHRFGSHISPYIHILFSSIYLLVPPFLNPLVYGAKTTQIRIHVVKMFCS	Q9UKL2	312	1	1 312		Olfactory receptor 52A1	"Q9UKL2;
Q6IF31;
"	OR52A1	O52A1_HUMAN	Uniprot
0	189;97	"ENST00000307401;
ENSP00000307447;
ENSG00000279486.;
ENST00000641258;
ENSP00000493074;
ENSG00000279486.;
"	MELWNFTLGSGFILVGILNDSGSPELLCATITILYLLALISNGLLLLAITMEARLHMPMYLLLGQLSLMDLLFTSVVTPKALADFLRRENTISFGGCALQMFLALTMGGAEDLLLAFMAYDRYVAICHPLTYMTLMSSRACWLMVATSWILASLSALIYTVYTMHYPFCRAQEIRHLLCEIPHLLKVACADTSRYELMVYVMGVTFLIPSLAAILASYTQILLTVLHMPSNEGRKKALVTCSSHLTVVGMFYGAATFMYVLPSSFHSTRQDNIISVFYTIVTPALNPLIYSLRNKEVMRALRRVLGKYMLPAHSTL	Q9H205	316	1	1 316		Olfactory receptor 2AG1	"Q9H205;
B9EKV7;
Q6IFG7;
Q96R26;
"	OR2AG1	O2AG1_HUMAN	Uniprot
0	111;203	"ENST00000531945;
ENSP00000431914;
ENSG00000196248.;
"	MTSRSVCEKMTMTTENPNQTVVSHFFLEGLRYTAKHSSLFFLLFLLIYSITVAGNLLILLTVGSDSHLSLPMYHFLGHLSFLDACLSTVTVPKVMAGLLTLDGKVISFEGCAVQLYCFHFLASTECFLYTVMAYDRYLAICQPLHYPVAMNRRMCAEMAGITWAIGATHAAIHTSLTFRLLYCGPCHIAYFFCDIPPVLKLACTDTTINELVMLASIGIVAAGCLILIVISYIFIVAAVLRIRTAQGRQRAFSPCTAQLTGVLLYYVPPVCIYLQPRSSEAGAGAPAVFYTIVTPMLNPFIYTLRNKEVKHALQRLLCSSFRESTAGSPPP	Q8NGN2	331	1	1 331		Olfactory receptor 10S1	"Q8NGN2;
B9EH43;
Q6IEV3;
Q96R78;
"	OR10S1	O10S1_HUMAN	Uniprot
